id,wtLeakage,binding,access,rbs,spacer,fitness
0,116225.14918412044,6.924800069747562e+17,0.3333,UUGCGA,UAAUA,1.0
1,396338.3035439738,2.6670657366045405e+17,0.5,UUGCGA,UAA,0.9852
2,1169183.6810822496,2.6670657366045405e+17,0.5,UUGCGA,UAU,0.9852
3,396338.3035439738,2.6670657366045405e+17,0.5,UUGCGA,UAC,0.9852
4,8989.429880557496,2.6670657366045405e+17,0.5,UUGCGA,UAU,0.9852
5,3047.3016740959997,2.6670657366045405e+17,0.5,UUGCGA,UAA,0.9852
6,6252946.0317668095,1.9279248225401136e+17,0.5,UUGCGA,UAA,0.9801
7,80805.9849783013,1.8744796045427824e+17,0.5,UUGCGA,UAAA,0.9797
8,80805.9849783013,1.8744796045427824e+17,0.5,UUGCGA,UAAU,0.9797
9,396338.3035439738,1.3936292311744406e+17,0.5,UUGCGA,UAA,0.9751
10,1274859.055540197,1.3549931659824342e+17,0.5,UUGCGA,UAAA,0.9747
11,1202520.2077360486,1.068005335700636e+17,0.3333,UUGCGA,UAUUA,0.971
12,80805.9849783013,9.794770088632693e+16,0.5,UUGCGA,UAAA,0.9696
13,71430.72325094948,6.563845613492465e+16,0.5,UUGCGA,UACAA,0.9634
14,523934.92027516395,6.354245945381105e+16,0.5,UUGCGA,UAUA,0.9629
15,523934.92027516395,6.354245945381105e+16,0.5,UUGCGA,UAUC,0.9629
16,80805.9849783013,6.354245945381105e+16,0.5,UUGCGA,UACA,0.9629
17,523934.92027516395,6.354245945381105e+16,0.5,UUGCGA,UAUU,0.9629
18,80805.9849783013,6.354245945381105e+16,0.5,UUGCGA,UAAC,0.9629
19,189110.29719542284,6.072010347765411e+16,1.0,UUGCGA,UAAUA,0.9622
20,295949.03360153316,6.0197529319124e+16,0.5,UUGCGA,UAAA,0.9621
21,892122.2879498168,5.2640088808003144e+16,1.0,UUGCGA,UAA,0.96
22,1179331.157368661,5.264011935569775e+16,0.5,UUGCGA,AAU,0.96
23,500662.73192808055,5.162496266817876e+16,0.5714,UUGCGAU,UAAA,0.9597
24,176079.02256447563,4.475534517988041e+16,0.5,UUGCGA,UUA,0.9575
25,17352.895781547602,3.805165081687269e+16,0.3333,UUGCGA,GUAAUA,0.9549
26,71430.72325094948,3.805160297292214e+16,0.5,UUGCGA,CAA,0.9549
27,16582.113939656687,3.731785218008548e+16,0.3333,UUGCGG,UAAUA,0.9546
28,189110.29719542284,3.1728145303126092e+16,1.0,UUGCGA,UAAUA,0.9521
29,758495.1405609077,2.7506205022797044e+16,0.5,UUGCGA,UAA,0.9499
30,136701.03542385716,2.7506205022797044e+16,0.5,UUGCGA,UGA,0.9499
31,2237533.2704264037,2.7506205022797044e+16,0.5,UUGCGA,UAU,0.9499
32,5831.794431568203,2.7506205022797044e+16,0.5,UUGCGA,UAA,0.9499
33,137368.11935256099,1.988324677694107e+16,0.3333,UUGCGA,UAAUAU,0.9449
34,14626.729144388628,1.949981247022193e+16,0.5,UUGCGA,UAU,0.9446
35,154643.01044896164,1.933204002161045e+16,0.5,UUGCGA,UAAA,0.9444
36,154643.01044896164,1.933204002161045e+16,0.5,UUGCGA,UAAU,0.9444
37,628355.8432971016,1.933204002161045e+16,0.5,UUGCGA,UGAA,0.9444
38,71779.29796808292,1.8633656559328024e+16,0.3333,UUGCGA,UACACA,0.9439
39,71779.29796808292,1.8633656559328024e+16,0.3333,UUGCGA,UAAAUA,0.9439
40,2631728.7199750594,1.4372848854285178e+16,0.6,UGCGA,UAU,0.9398
41,758495.1405609077,1.4372848854285178e+16,0.5,UUGCGA,UAA,0.9398
42,56546.51845834711,1.4372858932682358e+16,0.3333,UUGCGG,UAA,0.9398
43,71430.72325094948,1.2955121869868162e+16,0.5,UUGCGA,AACAA,0.9382
44,80805.9849783013,1.254143309591458e+16,0.5,UUGCGA,GUAA,0.9377
45,328336.2932930693,1.254143309591458e+16,0.5,UUGCGA,AAUA,0.9377
46,80805.9849783013,1.254143309591458e+16,0.5,UUGCGA,AUAA,0.9377
47,16130184.154845458,1.1984382126341132e+16,1.0,UGCG,GUA,0.937
48,136701.03542385716,1.1984359813420076e+16,0.6,UGCGA,UAAUA,0.937
49,336972.42212440755,1.1014627545132072e+16,0.5,UUGCGA,GACAA,0.9357
50,35899.22731442579,1.0662896933520702e+16,0.5,UUGCGA,UUAA,0.9352
51,131479.6663345843,1.038964136439833e+16,0.3333,UUGCGA,UGAAUA,0.9348
52,4520031.316951506,1.0389635083946456e+16,0.5,UUGCGA,UAA,0.9348
53,11336691.406140706,1.038962227183631e+16,1.0,UUGCGA,UAU,0.9348
54,189110.29719542284,9364803870907010.0,1.0,UUGCGA,UACAA,0.9332
55,1956624.3232625262,9364803870907010.0,1.0,UUGCGA,UAUAA,0.9332
56,1956624.3232625262,9364803870907010.0,1.0,UUGCGA,UAUUA,0.9332
57,116225.12389154613,9364786435203834.0,1.0,UUGCGA,UACAA,0.9332
58,548288.7834247088,8833398007723379.0,0.8,UGCGA,UAA,0.9323
59,127281.21084891152,8278272177491603.0,0.6667,UUGCGA,UAG,0.9313
60,8664.69280197631,7962078955956241.0,0.8333,UUGCGA,UAAAC,0.9307
61,56546.51845834711,7510289704982559.0,0.6667,UUGCGA,AAA,0.9297
62,2631728.7199750594,7510284438689823.0,0.6,UGCGA,UAU,0.9297
63,2237533.2704264037,7510284438689823.0,0.6,UGCGA,UAU,0.9297
64,758495.1405609077,7510284438689823.0,0.6,UGCGA,UAA,0.9297
65,7366.843901887897,6769471710486674.0,0.6667,UUGCGA,UAAAA,0.9281
66,1002684.0632218639,6553314137190963.0,0.5,UUGCGA,UAUA,0.9276
67,154643.01044896164,6553314137190963.0,0.5,UUGCGA,UACA,0.9276
68,154643.01044896164,6553314137190963.0,0.5,UUGCGA,UAAG,0.9276
69,24596061.681863833,6262212935995277.0,1.0,UUGCGA,UAAUA,0.9269
70,1592.3140040309072,5571720012706011.0,0.5,UUGCGA,UAA,0.9251
71,136701.03542385716,5428924737587078.0,0.5,UUGCGA,GUA,0.9247
72,189110.29719542284,5324235058727283.0,1.0,UUGCGA,UAAUA,0.9244
73,127281.21084891152,4615748861055336.0,0.5,UUGCGA,UAC,0.9222
74,222426.63693548995,4526737036099980.0,1.0,UUGCGA,UAAUA,0.9219
75,566374.5156316017,4487787029190000.0,1.0,UGCGA,CAAA,0.9218
76,295949.03360153316,4027588695366473.0,0.6667,UUGCGA,AAAA,0.9201
77,136701.03542385716,3924369686334653.5,0.5,UUGCGA,CAA,0.9197
78,33209.22224527918,3924374525726809.5,0.4286,UUGCGAG,UAAUA,0.9197
79,222426.63693548995,3924364846948464.5,1.0,UGCGA,GUA,0.9197
80,31734.13172190481,3848695607793156.5,0.3333,UUGCGG,UAAUA,0.9194
81,1179331.157368661,3848691140905703.5,0.6667,UUGCGA,GAU,0.9194
82,19503.4570038431,3537268711123728.0,0.5714,UUGCGAA,UAAA,0.9181
83,78225.66708120507,3537266658404123.0,0.5,UUGCGA,UAA,0.9181
84,98816.24864467542,3336558635470793.0,0.8,UGCGA,GAA,0.9171
85,176.37325710688995,3336554803320071.5,0.5,UUGCGA,UACAA,0.9171
86,409411.7764751708,3244059909747093.0,1.0,UGCGA,CUAA,0.9167
87,60731.41320877457,3007439478112937.0,1.0,UUGCGA,UACAG,0.9155
88,892122.2879498168,2836787550570091.0,1.0,UUGCGA,UAA,0.9146
89,71430.72325094948,2836789196793003.5,0.6667,UUGCGA,GAA,0.9146
90,758495.1405609077,2658510652625389.0,0.5,UUGCGA,UAG,0.9136
91,286498.7183995547,2556967417769261.0,0.8333,UUGCGA,UGAAU,0.913
92,98816.24864467542,2411875315762694.5,0.8,UGCGA,CAA,0.9121
93,34025862.766698286,2365368415470851.0,1.0,UUGCGA,UAAUA,0.9118
94,68702.38944055431,2345011309620803.5,0.8,UGCGA,UAAA,0.9117
95,243.9922633573824,2260300426767052.5,0.8333,UUGCGA,UAAUA,0.9111
96,2301330.886914793,2104544458081875.5,1.0,UGCGA,GAAA,0.91
97,566374.5156316017,2104544458081875.5,1.0,UGCGA,GUAA,0.91
98,566374.5156316017,2104544458081875.5,1.0,UGCGA,AAAA,0.91
99,286498.7183995547,2050612978820311.5,0.6667,UUGCGA,AAA,0.9096
100,116225.13232240362,2050607921344690.0,0.8,UGCGA,GAA,0.9096
101,189110.29719542284,2050609210503956.2,1.0,UGCGA,GUA,0.9096
102,1049291.550777267,2050609210503956.2,1.0,UGCGA,AUA,0.9096
103,222426.63693548995,2050609210503956.2,1.0,UGCGA,GUA,0.9096
104,4520029.240387102,2050609210503956.2,1.0,UUGCGA,UAC,0.9096
105,137368.11935256099,1921741778681103.0,0.3333,UUGCGA,UAAUAG,0.9086
106,37324.87159627356,1848339869323362.0,0.6667,UUGCGA,UAAAA,0.908
107,758495.0121797565,1743459035062238.2,0.5,UUGCGA,UAA,0.9071
108,814629.7112069764,1743455831188438.0,1.0,UGCGA,GUA,0.9071
109,154643.01044896164,1695127632278427.5,0.5,UUGCGA,UAAA,0.9066
110,154643.01044896164,1641865243794451.2,0.5,UUGCGA,UAGA,0.9061
111,31734.13172190481,1571484599181096.2,0.6667,UUGCGA,UAAAG,0.9055
112,31734.13172190481,1571484599181096.2,0.6667,UUGCGA,UAAGA,0.9055
113,116225.13232240362,1482313507851942.2,0.8,UGCGA,CAA,0.9045
114,108216.27879909864,1482313579535662.2,0.3333,UUGCGG,UAA,0.9045
115,1451574.8795662522,1482311679918263.5,0.5,UUGCGA,UAA,0.9045
116,1236.2119928698257,1453729918680280.5,0.5,UUGCGA,UAAUA,0.9042
117,243585.27058140122,1453726403612826.5,0.3333,UUGCGC,UAU,0.9042
118,30522.028866787303,1441220420802483.5,0.3333,UUGCGG,UAAU,0.9041
119,99298.47516615069,1389158046171958.0,0.3333,UUGCGA,UAAUCA,0.9035
120,628355.8432971016,1293433579917283.5,0.6667,UUGCGA,GAAA,0.9024
121,154643.01044896164,1293433579917283.5,0.5,UUGCGA,AUAA,0.9024
122,628355.8432971016,1293433579917283.5,0.5,UUGCGA,AAUA,0.9024
123,718567.6117574708,1235978670706697.2,0.8,UGCGA,GAAAU,0.9017
124,160784.21971653355,1225345285720015.5,0.5714,UGCGAUA,GAA,0.9016
125,295949.0550693884,1099692741341442.2,1.0,UGCGA,GUAC,0.8999
126,994056.3427876172,1071509151436655.6,0.8,UGCGA,GUC,0.8995
127,1169183.6810822496,1050846480221707.1,1.0,AUGCGA,UAU,0.8992
128,295949.04075748473,1041805247104440.9,0.5,UUGCGA,UAAA,0.8991
129,35899.22037017326,1041807161585138.4,0.6667,UUGCGA,CAAA,0.8991
130,98816.26417541769,965817533586083.9,0.5,UUGCGA,AUAAA,0.8979
131,286498.6906897725,911012265748239.5,0.8,UGCGA,AUC,0.897
132,692609.7922132101,893446211699024.6,1.0,UUGCGA,UAAUA,0.8967
133,68702.38694875216,885756899973345.8,0.3333,UUGCGC,UAAA,0.8966
134,11659933.918779647,794930329099371.8,1.0,UGCGA,GAAA,0.8949
135,2869595.7904595817,794930329099371.8,1.0,UGCGA,GUAA,0.8949
136,42223.743540992764,794928358933215.6,0.6,UGCGA,UAAC,0.8949
137,927.10431151848,774557439953877.1,1.0,UGCGA,UAU,0.8945
138,892122.3526635006,774556419248727.6,0.6,UGCGA,UAA,0.8945
139,1451575.0550593073,774555913578783.8,0.5,UUGGGA,UAA,0.8945
140,223512.05106095882,759621053363552.8,0.5714,UGCGAUA,GAAA,0.8942
141,4319258.917123486,759620584995247.6,0.75,UGCG,GAA,0.8942
142,80805.9849783013,759620087239442.6,0.5,UUGCGA,ACAA,0.8942
143,160784.21971653355,753084944673891.6,0.5714,UGCGAUA,GAA,0.894
144,83874842.4375443,658539624731902.9,1.0,UGCGG,GUA,0.8919
145,136701.03542385716,645840147501685.4,0.6,UGCGA,UAAUA,0.8916
146,348087.7281212535,640283059027733.5,0.6,UGCGA,UAAA,0.8915
147,2237533.2704264037,640283059027733.5,0.5714,UGCGAUA,GAU,0.8915
148,1083903.131214385,640283446073758.6,0.3333,UUGCGC,UAAA,0.8915
149,644883.3333276372,559899342559432.4,0.75,UGCG,GUUA,0.8894
150,51634.70318855954,559898638574299.5,0.8,UGCGA,GAA,0.8894
151,4127406.3352951845,559898638574299.5,0.8,UGCGA,GGA,0.8894
152,68702.38694875216,559898259505746.25,0.3333,UUGCGC,UAUA,0.8894
153,1022399.5123434733,448295120737865.4,0.6,UGCGA,GCAA,0.886
154,127.49387778566847,446118157949776.75,0.3333,UUGCGA,UAAUA,0.8859
155,758495.1405609077,404731106640468.44,0.6,UGCGA,UAA,0.8844
156,2237533.2704264037,404731106640468.44,0.6,UGCGA,UAU,0.8844
157,3047.3017477787653,404730602648049.94,0.6,UGCGA,UAA,0.8844
158,1559003.372836251,393511072419506.0,1.0,UGCGGUA,GAA,0.884
159,409411.7764751708,381145901721630.9,1.0,UGCGA,GUGA,0.8835
160,3672294.6545730713,379294989685212.1,1.0,UGCGA,GUU,0.8834
161,286498.66297999275,344107897976417.3,0.8,UGCGA,UAA,0.8819
162,9801.930747348993,344107515237441.9,0.4286,UUGCGGA,UAA,0.8819
163,759.7624118434159,337471960112418.25,1.0,UUGCGA,UAAUA,0.8816
164,1934.6157183849994,334568205139802.8,1.0,UUGCGA,UAAA,0.8814
165,2202.785470414875,292565779337862.3,0.8333,UUGCGA,UAA,0.8794
166,2631728.9108781023,292565567113575.2,0.75,UGCG,GAAA,0.8794
167,18606061.806815434,292565015331148.5,0.8,UGCGA,GGC,0.8794
168,10191.187410758215,286923304313196.56,0.6,UGCGA,GUAAC,0.879
169,18159.506366362424,248743379307065.34,0.5,UUGCGA,UUA,0.8768
170,222426.63693548995,243946613455053.0,1.0,UGCGA,CUAAA,0.8765
171,1202519.8588175257,243946519078274.22,0.2,UUGCG,GUA,0.8765
172,566374.5156316017,241847591089945.0,1.0,UGCGA,CUAA,0.8764
173,71430.71634226308,224207254100170.25,0.6667,UUGCGA,UAAAA,0.8752
174,34752.87537304817,218460978790813.38,0.3333,UUGCGA,UAGUA,0.8748
175,156402198.3360294,217047762048900.3,0.8333,UGCGGA,GUC,0.8747
176,222426.63693548995,211485003042506.25,1.0,UGCGA,GAA,0.8743
177,15116481.562091803,211485003042506.25,1.0,UGCGA,GGA,0.8743
178,222426.63693548995,211485003042506.25,1.0,UGCGA,GUA,0.8743
179,1234149.5638549565,211485003042506.25,1.0,UGCGA,AAA,0.8743
180,1234149.5638549565,211485003042506.25,1.0,UGCGA,AGA,0.8743
181,61027.76456815396,211485003042506.25,0.5,UGCGAUGA,GAA,0.8743
182,34752.87033116914,211485248497304.28,0.6,UGCGA,UUA,0.8743
183,4215.5942387506875,211484839406132.8,1.0,UUGCGA,UAA,0.8743
184,454215.77316791407,207407048459506.6,0.5,UGCG,GCA,0.874
185,74751.01068532662,205622110144046.9,1.0,UGCGAA,GAA,0.8739
186,2361862.230255009,198194423552337.8,1.0,UGCG,GUAG,0.8733
187,2631728.7199750594,190624051185207.56,0.5714,UGCGAUA,GAG,0.8727
188,1663549.3664792904,190624051185207.56,0.5714,UGCGAUA,UAA,0.8727
189,279156.1426693425,190624037357525.53,0.4,UUGCG,UAU,0.8727
190,279156.1426693425,190624037357525.53,0.4,UUGCG,UAC,0.8727
191,243585.27058140122,184537194799288.75,0.5714,UUAGCGA,UAA,0.8722
192,692609.7922132101,176340292540401.7,1.0,UUGGGA,UAAUA,0.8715
193,488.64660569191494,176340292540401.7,0.5,UUGCGA,UUAAUA,0.8715
194,189110.29719542284,176340292540401.7,1.0,UUGCGA,UAAUA,0.8715
195,345258789.31668687,176340181680311.44,0.8,UGCGA,GGU,0.8715
196,396338.3035439738,162071054265098.06,1.0,AUGCGA,UAA,0.8702
197,80805.97716285186,152875087048371.75,0.4286,UUGCGGA,UAA,0.8693
198,222426.63693548995,152874953975512.22,1.0,UGCGA,CAA,0.8693
199,1234149.5638549565,152874953975512.22,1.0,UUGCGA,UAA,0.8693
200,89648.98084304249,152874717401825.9,0.8,UGCGA,GAUA,0.8693
201,98816.24864467542,149926912456695.53,0.8,UGCGC,GAA,0.869
202,500662.683504634,149926914269287.7,1.0,UUGCGA,UAAUA,0.869
203,25739358.071504217,137795445354510.42,0.75,UGCG,GGA,0.8677
204,14.87456355512038,137795280428079.0,0.5,UUGCGA,UAAA,0.8677
205,1234149.5638549565,129976364382840.4,1.0,UGCGA,AAA,0.8668
206,1234149.5638549565,129976364382840.4,1.0,UGCGA,AUA,0.8668
207,293543901.41461694,127469900942578.64,0.4,UGCGA,GGU,0.8664
208,43900.54791479149,126373094681704.39,0.4286,UUGCGAC,UAAU,0.8663
209,15948.747766957878,113414558801064.81,0.6,UGCGA,UUAC,0.8646
210,3640696.6401467104,113414427169436.53,1.0,UGCGA,GAAG,0.8646
211,2301330.886914793,113414427169436.53,1.0,UGCGA,GAAA,0.8646
212,43900.54791479149,110507843188851.11,0.6667,UUGCGA,GAA,0.8642
213,1049291.550777267,110507843188851.11,1.0,UUGCGA,UAA,0.8642
214,4520029.240387102,110507843188851.11,1.0,UUGCGA,UAA,0.8642
215,484.44200359685135,110507757683484.58,0.5,UUGCGA,UAU,0.8642
216,164.2196388622983,110507757683484.58,0.5,UUGCGA,UAA,0.8642
217,29547.385723534062,110507629425558.64,0.6,UGCGA,UUA,0.8642
218,2365.8087603549684,108376768667636.58,0.2857,UUGCGUA,UAAA,0.8639
219,26980.80590969126,107444123287634.61,0.6667,UGGCGA,UAAA,0.8638
220,136701.03542385716,99607312354741.8,0.6,UGCGA,UAAAA,0.8626
221,19503.4570038431,99607131719472.33,0.5714,UUGCGCA,UAAA,0.8626
222,1956624.0157440386,96426547435370.73,0.8,UGCGA,GAAU,0.8621
223,222426.63693548995,93955270761858.44,1.0,UGCGA,CAA,0.8617
224,466162.94462068117,93955270761858.44,0.3333,UUGCGC,UAA,0.8617
225,2777961.49327611,93955270761858.44,1.0,UUGCGA,UAA,0.8617
226,13559.852685175418,92143345192765.38,0.5714,UUGCGAC,UAU,0.8614
227,15948.752008949365,91350514085283.11,0.3333,UUGCGA,UAAA,0.8613
228,409411.7467768406,84687517861612.33,1.0,UGCGA,UAAA,0.8601
229,143055.23954345338,81983103182048.47,0.6,UGCGA,GUCA,0.8596
230,60731.407334911506,79882048632949.23,0.4,UGCGA,GAA,0.8592
231,6715715.524507032,79882048632949.23,0.4,UGCGA,GGA,0.8592
232,116225.13232240362,77667589939981.36,0.4286,UGCGAUA,GAA,0.8588
233,4354.649474464437,77667589939981.1,0.1667,UUGCGU,UAAA,0.8588
234,892122.3526635006,74861889887227.14,0.6,UGCGA,UAG,0.8582
235,261612.49138560877,67916866240988.55,1.0,UGCGA,GUA,0.8567
236,869258.481055634,66607238322027.086,0.75,UGCG,CUA,0.8564
237,189110.29719542284,66607199669045.29,1.0,UUGCGA,UAAUA,0.8564
238,1559003.372836251,61217581431966.7,1.0,UGCGGUA,UAA,0.8551
239,481539.6863014658,59262754108736.62,1.0,UGCGAA,UAA,0.8546
240,3702.3845172987217,59262754108736.62,0.5,UUGCGA,UUAA,0.8546
241,3702.3845172987217,59262754108736.62,0.4286,UUGCGAU,UAA,0.8546
242,1049291.626891856,57743861237860.64,0.6,UGCGA,UAA,0.8542
243,33209.22224527918,56143126305164.875,0.6667,UGCGAA,GAA,0.8537
244,3267367.6721808207,56143074719331.65,1.0,GCGA,UGUUA,0.8537
245,3672294.6545730713,54115002973276.24,1.0,UUGCGA,GUU,0.8531
246,154643.0029705263,54114900911683.84,0.6667,AUGCGA,UAAA,0.8531
247,80805.98107057651,50385967613104.23,0.4,UGCGA,GUAA,0.852
248,68702.38694875216,49094688332060.79,0.5,UUGCUA,UAA,0.8516
249,3849.414327682891,47733716258498.76,0.2857,UUGACGA,UAAA,0.8512
250,16554451.442014107,44251961591386.34,0.6,UGCGA,UAAGAGGA,0.85
251,46844.49350568414,42838828505537.695,0.5,UGCGAA,GUA,0.8495
252,5831.794431568203,42838914479427.03,0.6,UGCGA,UAA,0.8495
253,48076.6391523457,41740989181783.12,0.6,UGCGA,UAC,0.8491
254,1234149.5638549565,41740987667857.84,1.0,UAGCGA,UAA,0.8491
255,237342.53159363373,40936070546241.63,0.75,UGCG,GUG,0.8488
256,893.6130139896064,40936060648033.96,0.1667,UUGCGU,UAAUA,0.8488
257,2782.603670336478,37623619401898.945,0.6,UGCGA,UACAA,0.8475
258,4958.27397292964,35488818303392.03,0.8,UGCGA,UAA,0.8466
259,2777961.49327611,35488755232503.16,1.0,UGCGA,UAA,0.8466
260,18758.507053292487,35488774110852.66,0.4286,UUGCGGA,UAA,0.8466
261,48076.646708450106,35488734637951.375,0.6667,UAGCGA,UAA,0.8466
262,21358.742926098927,35488730347421.33,0.5,UUGCGA,UAA,0.8466
263,869258.4810556348,34804442800287.72,0.6,UGCGA,CGAA,0.8463
264,32726232.297001142,34504971628454.844,1.0,GCGA,UAGAGGA,0.8462
265,5121.8257554569755,33420733913133.227,0.6667,UUGCGA,UCAA,0.8457
266,29.59675476998711,31988167281502.527,0.3333,UUGCGA,UACAA,0.845
267,4958.273972929638,30966701880494.316,0.75,GCGA,UAA,0.8445
268,222426.63693548995,30173068902354.492,1.0,UUGCGA,GAA,0.8441
269,2301330.886914793,28414814583293.047,1.0,UGCGA,GCAA,0.8431
270,11435085.591788184,28414814583293.047,1.0,UGCGA,GGGA,0.8431
271,111785.86886179718,26328318606457.28,0.4286,UUGCGCA,UAA,0.842
272,243585.27058140122,25653578230553.46,1.0,UUGCGA,UAA,0.8416
273,60731.41320877457,25653545975224.05,0.6,UGCGA,CAA,0.8416
274,58411.730307860984,25653545354929.695,0.6,GGCGA,UAA,0.8416
275,101905479.35016847,25653545354929.695,0.6,GGCGA,UAA,0.8416
276,15439.471158577886,25653533569338.98,0.5,UUGUGA,UAA,0.8416
277,8650237.93527164,25653553418758.03,1.0,UUGAGA,UAA,0.8416
278,25950.261494158487,25653531088162.664,0.6667,UGGCGA,UAA,0.8416
279,32923.47857329025,25158899113377.746,0.4286,UGUGCGA,UAU,0.8413
280,7085.463191524246,24942387270408.42,0.8,UGCGA,CAAA,0.8411
281,189110.29719542284,24942382445618.406,0.5,UUGCUA,UAAA,0.8411
282,1049291.550777267,23123085546434.793,1.0,AUGCGA,UAA,0.8399
283,2008088.3515259507,23123085546434.793,1.0,GUGCGA,UAA,0.8399
284,2590.859006372953,22384722588591.71,0.6,UGCGA,UAA,0.8394
285,2536659.421392826,21811012563726.15,0.6,UGCGA,GGA,0.839
286,37324.86437624813,21811012563726.15,0.6,UGCGA,GUA,0.839
287,409411.80617350276,21811019947092.18,0.6667,UGGCGA,UAA,0.839
288,25950.264004034172,21811008344660.97,0.3333,UUGCAA,UAA,0.839
289,166810.18718691767,21811008344660.97,0.3333,UUGCAA,UAU,0.839
290,466162.8995340091,21206383441758.34,0.5,GCGA,UGCUA,0.8386
291,34025852.07115401,21206370622675.688,0.5714,UGCGAUA,GAA,0.8386
292,295949.03360153316,21206370622675.688,0.5,UUGCGA,UAAA,0.8386
293,309203.4399874029,20440301851638.176,1.0,UGCGA,GAG,0.838
294,566374.5156316017,20440301851638.176,1.0,UGCGAAUA,GAA,0.838
295,534236.9912240931,19659567421171.773,0.4,UUGCG,UAA,0.8374
296,31734.125583337463,18544030189095.387,0.8,UGCGA,GAA,0.8365
297,222426.63693548995,18544037363314.79,1.0,UGCGA,GUA,0.8365
298,19470913.786386613,18544031085872.656,0.8,UGGGA,UAA,0.8365
299,1414373.383640186,18544031534261.344,0.8,UUGGA,UAA,0.8365
300,286498.7183995547,18544042743981.094,0.5,UUGAGA,UAC,0.8365
301,2549037.6934343055,18186450966935.62,0.75,GCGA,UAGGGA,0.8362
302,7085.463191524246,18029932857812.152,0.3333,UCGCGA,UAAA,0.8361
303,131479.67269285562,17463439446013.568,0.7143,UGCGAUA,GUAC,0.8356
304,78225.63681767158,16714826666262.379,0.6667,GUGCGA,UAA,0.8349
305,22314272.391233493,16181100089199.443,0.8,UGCGA,GGAC,0.8344
306,15116481.562091803,15766392694053.035,1.0,UGCGA,GGA,0.834
307,261176189.1783131,15766412136603.875,0.5,UUGGGA,GUA,0.834
308,2549037.6934343055,15462367878048.38,0.75,GCGA,UAGGGA,0.8337
309,4958.273972929638,14211190413880.95,0.6,UGCGA,UAA,0.8324
310,4527.580788601571,13404825254052.045,0.8,UGCGA,GAA,0.8315
311,758495.1405609077,13404817961256.861,0.5,UUGCGA,UAA,0.8315
312,3122237.2602652437,13404822174871.371,1.0,UUACGA,UAU,0.8315
313,103409.51240675036,13146316034544.838,0.8,UGCGA,GAU,0.8312
314,1375163.5844252456,12082558117180.426,1.0,UGCGAA,GAAG,0.8299
315,99298.46316112716,12082566297448.441,0.3333,UGCGUA,GAAA,0.8299
316,4147548.2631870536,11396972539077.502,0.75,GCGA,UAAGGA,0.829
317,15116481.562091803,11396962067228.795,1.0,UGCGA,GGA,0.829
318,1353.8079321580153,11396962480591.05,0.8,UGCGA,UAA,0.829
319,1499456.6598082536,11177183118285.283,1.0,GCGA,GAA,0.8287
320,1499456.6598082536,11177183118285.283,1.0,GCGA,GAA,0.8287
321,9722271.26151189,11177183118285.283,1.0,GCGA,GAU,0.8287
322,10509794.368001383,11081023724262.078,0.75,GCGA,UAGAGGA,0.8285
323,262889.13075037656,11081016623972.201,0.2857,UGCGUUA,GAA,0.8285
324,21358.744475441366,10680720709298.531,0.1667,UUGCGU,UAA,0.8279
325,548288.8695981054,10272758665148.67,0.5714,AUUGCGA,UAA,0.8273
326,5491705.7921712855,9944724318579.482,0.6,UGCGA,GUAC,0.8268
327,89648.98409456735,9944727083872.2,0.8,UGCGA,GAAA,0.8268
328,243585.27058140122,9689861476420.398,0.6667,UAGCGA,UAA,0.8264
329,2011.4440141955777,9689858079104.33,0.6,UGCGA,GUA,0.8264
330,222426.63693548995,9503007759860.16,1.0,UGCGC,GAA,0.8261
331,222426.63693548995,9503007759860.16,1.0,UGCGC,GGA,0.8261
332,75.36349008406064,9421247053090.346,0.5,UUGCGA,UAAA,0.826
333,758495.0121797565,9080902307650.33,1.0,UGCGA,CAG,0.8254
334,30522.028866787303,9080910212291.38,0.4286,UUUGCGA,UAAA,0.8254
335,481539.6863014658,9080899672771.53,1.0,AUGCGA,UAAA,0.8254
336,3267367.6721808207,8734044578058.796,1.0,GCGA,UAA,0.8248
337,30273971.525790222,8734044578058.796,1.0,UGCG,GGA,0.8248
338,466162.94462068117,8734044578058.796,0.4286,UGUGCGA,UAA,0.8248
339,466162.94462068117,8734044578058.796,0.4286,UAUGCGA,UAA,0.8248
340,16582.113939656687,8734044578058.796,0.3333,UUGCAA,UACAA,0.8248
341,1051.0447523565138,8734044578058.796,0.3333,UUGCGA,UACAA,0.8248
342,131479.65361804247,8238461533946.909,1.0,GCGA,UGUUAA,0.8239
343,89648.98084304249,8238456753068.558,0.8,UGCGA,GAUA,0.8239
344,189110.29719542284,8238456753068.558,1.0,UAGCGA,GUA,0.8239
345,22063.275815984307,8079586401879.769,0.5714,UGCGAGA,GAA,0.8236
346,3272.8269310098894,8079586401879.769,0.1667,UUGCGU,UAAUA,0.8236
347,176079.02256447563,8010073886799.8955,0.5,GCGA,UGUUA,0.8235
348,454215.7731679145,7425814941196.959,0.5,UGCG,UUA,0.8223
349,21358.74137675658,7425820686920.532,0.2857,UUGACGA,UACAA,0.8223
350,6092692.784665051,7004447942863.385,1.0,GCGA,GAAA,0.8214
351,588866.7178108172,6869384840614.753,1.0,GCGA,GUAAA,0.8211
352,1499456.6598082536,6869384840614.753,1.0,GCGA,GUUAAA,0.8211
353,6092692.784665051,6869384840614.753,1.0,GCGA,GUAAG,0.8211
354,15948.747766957878,6869388561244.39,0.6,UGCGA,UUAU,0.8211
355,5975203.066864287,6869376203446.523,1.0,GCGA,GAC,0.8211
356,2256952.9088918054,6810277676917.065,1.0,GCGAA,UGUUA,0.821
357,6024.160636442407,6810272407469.467,0.8333,UUGCGC,UAAA,0.821
358,644883.0838385742,6313526383054.515,0.5,GUGCGA,UAA,0.8198
359,124019.15309362371,6313526383054.515,0.2,UUGCA,UAU,0.8198
360,4958.273972929638,6111926154159.254,0.75,GCGA,AAA,0.8193
361,1234149.5638549565,5955286090434.823,1.0,UGCGC,UAA,0.8189
362,1202520.0332767745,5955282346517.039,0.5,UGCAGA,GAAA,0.8189
363,189110.29719542284,5840444388769.678,1.0,UUGAGA,UAAUA,0.8186
364,83874801.8762254,5840446083410.48,0.0,GGCG,GUA,0.8186
365,269791119.4190915,5840447989881.987,0.5,GCGA,GGUAAA,0.8186
366,481539.6863014658,5790190674563.247,1.0,UUGAGA,UAAA,0.8184
367,348087.66920472117,5581023005337.675,1.0,UGCGA,CGUAAA,0.8179
368,51634.69819451841,5063270100257.34,0.5,UUGCGA,CAA,0.8164
369,131479.6663345843,5063266672268.185,0.5,UUGCUA,UAA,0.8164
370,222426.63693548995,4965629837551.229,1.0,UGCGA,CGGA,0.8161
371,81725219.64110363,4965628108582.18,0.5,UGCGGA,GAA,0.8161
372,7027880.384254687,4922904906634.969,1.0,GCGAG,UGUUA,0.8159
373,55097.30212986215,4922900740438.29,1.0,UGCGAA,GAC,0.8159
374,15439.465185436711,4745058427086.758,1.0,UGCGA,GUG,0.8153
375,2676.320474582849,4563827985716.916,0.5,UUGCGA,UAAA,0.8147
376,1934.6158587201426,4304862225278.3193,0.5,GCGA,UGUUAA,0.8138
377,8194885.08402879,4304858061673.556,0.8,UGCGA,GUC,0.8138
378,2998112.5947994385,4221849839718.34,0.5,GCGA,UAGGGA,0.8135
379,566374.5156316017,4221846001400.901,1.0,UGCGAA,CAA,0.8135
380,54.47757482699189,4054006111788.6274,0.5,UUGCGA,UCAA,0.8129
381,43900.54791479149,4034320993177.1562,0.6,UGCGA,GCA,0.8128
382,207099.62905586386,3880225601683.548,0.4286,UUUGCGA,UAA,0.8122
383,572817492.4363055,3756320493885.43,1.0,GGCGA,GAAA,0.8117
384,222426.63693548995,3660053544027.6226,1.0,UGCGA,GUA,0.8113
385,222426.63693548995,3660053544027.6226,1.0,UGCGA,GAA,0.8113
386,1049291.550777267,3660053544027.6226,1.0,UUGAGA,UAA,0.8113
387,4878238.210988904,3589473093181.308,1.0,GCGA,UAGGGA,0.811
388,35899.22731442579,3558591153177.484,0.5,GCGA,UAGAUGA,0.8109
389,6092692.784665051,3558587711356.038,1.0,GCGA,UGGGA,0.8109
390,213930.96890156882,3430034559686.805,0.5714,GUUGCGA,UAAA,0.8103
391,213930.96890156882,3430034559686.805,0.5714,AUUGCGA,UAAA,0.8103
392,63007.51565736402,3214471301886.8076,0.5714,UGCGAUA,GUU,0.8093
393,361911.13409546355,3111828188734.258,0.8,GGCGA,GUA,0.8088
394,78225.65194943685,3111829091650.3257,0.5,UCGCGA,UAA,0.8088
395,645.9605823090213,3111824878044.2617,0.5,GUGCGA,UACAA,0.8088
396,4878238.210988904,3051823549576.4365,1.0,GCGA,UAGGGA,0.8085
397,84014.9678901935,3025561411104.7266,0.6667,UGCGUA,GAA,0.8084
398,8067.623297195918,2804880817546.417,0.5714,GUUGCGA,UAA,0.8072
399,29547.387866872694,2645721129919.743,0.5,UUGCGA,UAA,0.8063
400,566374.6251896261,2594703380679.242,0.5,GCGA,GAA,0.806
401,131479.65361804247,2594703380679.242,0.5,GCGA,GAA,0.806
402,131479.65361804247,2594703380679.242,0.5,GCGA,GAA,0.806
403,21.394436760023613,2594703882591.9697,0.5,UUGCGA,UUAUA,0.806
404,3526303.0325487144,2594701059334.155,0.75,GCGA,UAGGGA,0.806
405,3526303.0325487144,2594701059334.155,0.75,GCGA,UAGGGA,0.806
406,127281.21084891152,2572376930903.66,0.5,UUACGA,UAAA,0.8058
407,18277.75442603164,2384745586693.574,0.75,UGCA,UAA,0.8047
408,935.150898522932,2308595181682.917,0.2857,UUGCGUA,UAAUA,0.8042
409,49662.49171360325,2249430959009.8247,0.3333,UUGCAA,UAA,0.8038
410,6859.20566965419,2249430523885.796,0.5,UUGCGA,UAA,0.8038
411,7937398.678534374,2249428783390.49,1.0,GCGA,UAAGGA,0.8038
412,243585.22346290408,2249428783390.49,1.0,UGCA,GUAC,0.8038
413,695989.5907514695,2206053372464.045,0.5,GCGA,UGGGGA,0.8035
414,1202520.0332767745,2206051473501.9873,1.0,UGCGAA,GAU,0.8035
415,4738.03720067288,2206052092264.73,0.1667,UUGCUA,UAAUA,0.8035
416,481539.6863014658,2206050812066.158,1.0,UUGGA,UAAUA,0.8035
417,1353.8079321580153,2187071110295.1572,0.5,GCGA,UGUUA,0.8033
418,2886.890748326662,2187072802541.2112,0.4286,UUCGCGA,UAU,0.8033
419,1049291.550777267,2187068994989.4285,1.0,UUGGA,UAAA,0.8033
420,37324.86437624813,2108062860621.9858,0.6,UGCGA,GCA,0.8027
421,78225.65194943685,2108062860621.9858,0.2,UUGCG,UAAA,0.8027
422,78225.65194943685,2108062860621.9858,0.1667,UUGCGU,UAA,0.8027
423,4127405.1377032287,1912497894826.6611,1.0,UGCGA,GAA,0.8012
424,363677.2238878287,1912497894826.6611,0.4,UGUGA,GAA,0.8012
425,363677.2238878287,1912497894826.6611,0.4,UGUGA,GUA,0.8012
426,15116481.562091803,1912497894826.6611,1.0,UGCGA,GGA,0.8012
427,44114.77388927135,1792304745764.0125,0.8,UGCGA,GAG,0.8002
428,22314268.074819088,1668801311391.8037,0.5,UGCGGA,GUA,0.7991
429,262889.24834701733,1594675789609.5625,1.0,GCGA,UUGGGA,0.7984
430,487017597.0191202,1594675326904.7246,1.0,GCGGA,GAG,0.7984
431,222426.63693548995,1580954049413.5098,1.0,UGCGAUA,GAA,0.7983
432,409411.86557017395,1465640283528.9595,1.0,GCGA,UACAGGA,0.7971
433,222426.63693548995,1428077568389.0186,1.0,UGCGA,CUAUA,0.7967
434,1956624.5125046975,1382476008274.309,0.75,GCGA,GAAA,0.7962
435,1956624.3232625262,1382474270028.7258,1.0,UUGGA,UAA,0.7962
436,116792.31617693276,1295594077987.7004,0.4286,UGCGGUA,UGGA,0.7952
437,3640696.6401467104,1214170965020.3662,1.0,UGCGAA,CGAA,0.7942
438,7085.46456211796,1175399330188.959,0.4286,UUGCAGA,UAA,0.7937
439,63554.374786776294,1152733828400.3345,1.0,UUACGA,UAAUA,0.7934
440,7937397.431030287,1152734539155.1511,0.8,GCGAG,UAGGGA,0.7934
441,28929273.52944339,1142815207057.0845,1.0,UGGGGUA,GAA,0.7932
442,3702.3845172987217,1101532978679.288,0.5714,GUUGCGA,UAAA,0.7927
443,92006.98715638486,1101531913291.4272,0.75,UGCG,UGUA,0.7927
444,3640696.6401467104,1101531274059.201,1.0,UGCAA,GUC,0.7927
445,237342.43977180714,1025627189488.7859,0.4,GUGCG,GUA,0.7916
446,31681203.539181802,999341264687.6577,0.6,UGGGA,GUA,0.7912
447,1499456.4241418352,980069971293.717,0.6,UGCGA,UAGAGGA,0.7909
448,98816.25700738249,971638225130.2535,0.25,GCGA,GAA,0.7907
449,892122.546804579,971637308868.718,1.0,GCGA,UGUUA,0.7907
450,1631470.1215321426,971638225130.2535,0.25,GCGA,GAU,0.7907
451,3672294.6545730713,971637026942.2684,1.0,UGCA,GAA,0.7907
452,6092692.784665051,941107344215.7434,1.0,GCGA,GAGA,0.7902
453,6092692.784665051,941107344215.7434,1.0,GCGA,GCAA,0.7902
454,1049291.626891856,849654578206.9178,0.6,CGCGA,UAA,0.7886
455,193.15096355892936,849654680928.784,0.6,UGCGA,UUA,0.7886
456,2361862.630018471,849654578206.9178,0.6,AGCGA,UAA,0.7886
457,55097.30212986215,826100608828.1326,0.5,GCGA,UGGGA,0.7882
458,1234149.5638549565,796257608822.2281,1.0,UGCGU,UAA,0.7876
459,21358.74137675658,796256992718.4591,0.2,UUGCA,UAAA,0.7876
460,20234.41682281434,722388660454.143,0.8,UGCGA,GUC,0.7861
461,588866.7178108172,708457573639.2717,1.0,GCGA,GUAAA,0.7858
462,222426.63693548995,708457573639.2717,1.0,UGACGA,GAA,0.7858
463,21358.74137675658,708458121808.2515,0.2,UUGCA,GUA,0.7858
464,307188532.7218187,702361697698.4796,1.0,GGCGGUA,GAA,0.7857
465,588866.7178108172,676989045069.2471,1.0,GCGA,AGAA,0.7851
466,42223.75017720988,676989045069.2471,0.4286,UUUGCGA,UAAA,0.7851
467,1202520.3240422462,676989045069.2471,1.0,GCGA,UGAA,0.7851
468,3267367.6721808207,676989045069.2471,1.0,AUGCGA,CAAA,0.7851
469,425670.54996960325,651131448883.4691,1.0,GCGA,AAAAA,0.7845
470,114.91784823123133,651131952696.3629,0.2,UUGCA,UAA,0.7845
471,2361862.458691266,651131448883.4691,1.0,GCGA,ACUAA,0.7845
472,6967408.950813768,651131448883.4691,1.0,GCGA,ACAAA,0.7845
473,6092692.784665051,651131700789.8684,1.0,AUGCGA,UAA,0.7845
474,26980.785033311506,614184660832.4061,1.0,UGCGA,GAA,0.7836
475,3147.818872643946,614184898445.0214,0.8,UGCGC,CAAA,0.7836
476,189110.26747335927,602341192078.4241,0.75,GCGA,UAGGA,0.7833
477,11435081.610237062,602340610958.5752,0.5,GCGA,UAGGUA,0.7833
478,3672294.6545730713,597158388909.0978,1.0,UGCA,GAA,0.7832
479,32726232.297001142,597158388909.0978,1.0,GCGA,UAGAGGA,0.7832
480,1499456.6598082536,578395151562.894,1.0,GCGA,GUAA,0.7827
481,1083903.3146733788,512118511295.4605,0.5,GCGA,GAA,0.7808
482,1083903.3146733788,512118511295.4605,0.5,GCGA,GAA,0.7808
483,1710.1579791893369,512117959020.23816,0.3333,CUGCGA,UAAUA,0.7808
484,1710.1584754021794,512118107614.4104,0.6667,AUGCGA,UAAUA,0.7808
485,40.94375470223218,507712966998.373,0.2857,UUGCCGA,UAAA,0.7806
486,108216.25786602501,507711984892.5575,1.0,GCGA,UGUUA,0.7806
487,588866.7178108172,507712181313.56934,1.0,GCGA,CUAAA,0.7806
488,141824.38514434444,470679436888.2951,0.5,UGCGAA,GCAA,0.7795
489,32.412179691027745,470678936130.0243,0.5,UUGCGA,UAA,0.7795
490,197900.67827207327,443971807723.6679,1.0,GCGA,GUAAAA,0.7786
491,18.189848052823418,443971464200.79156,0.6,UGCGA,GAA,0.7786
492,4854547.095872323,443971807723.6679,1.0,UGGCGA,GAA,0.7786
493,154643.02540583338,431664216990.41016,0.75,GCGA,CAAA,0.7781
494,1188.9940715294942,416069884375.3141,0.5,CUGCGA,UAAA,0.7775
495,46844.50426618942,387399967202.3223,0.6,UGCGA,GUUA,0.7764
496,2275.4458158055363,377471013273.9178,0.4286,UUGUCGA,UAA,0.776
497,55363559.03658678,377471451376.2404,1.0,GGCGA,GUA,0.776
498,51634.708182601156,370192294145.54315,0.5,UGCAGA,GAA,0.7757
499,818605.2594681104,370192294145.54315,1.0,AGCGA,GAG,0.7757
500,88.64061216951906,353748922718.0275,0.5,UUGCGA,UAAA,0.775
501,1487270770.6558506,340237219560.42084,0.75,GCGA,UAGGAGA,0.7744
502,10240.920366811113,320931235963.3945,0.5,GCGA,UAUGGA,0.7735
503,1592.314466050597,320931422203.76013,0.1667,UUGCCA,UAA,0.7735
504,1387099.05170923,320931235963.3945,0.5,GCGA,UAUGGGA,0.7735
505,188794878.00623462,320931158363.27356,0.4,UGGGA,GUA,0.7735
506,818604.9427704258,314742643443.45013,0.75,GCGG,UAGGGA,0.7732
507,1499456.6598082536,314742521677.4757,1.0,GCGC,GAA,0.7732
508,3095371.6915082764,314742520916.4389,0.4,UGCAA,GAAA,0.7732
509,1151.0265784692285,312034582078.44275,0.6,UGCGA,UGUUA,0.7731
510,869258.3129085494,302229949541.7025,0.8,UGCGA,GAGG,0.7726
511,8194887.659974751,300762347348.3705,1.0,GCGAA,ACAAA,0.7725
512,21.394436760023613,281860752254.7713,0.5,UUGCGA,UCAUA,0.7715
513,9801.929325304096,281861188434.3982,0.2857,UUGACGA,UAA,0.7715
514,481539.6863014658,272860205812.3315,1.0,UGCUA,UAA,0.771
515,1663549.3664792904,272860542293.7656,0.6,UACGA,UAA,0.771
516,3744503.2784171877,272860284984.39667,0.75,GCGA,GAAA,0.771
517,3672295.364932271,267598526511.60117,0.75,GCGA,GAU,0.7707
518,11160.63784984207,245945355762.66772,0.5,CUGCGA,UAA,0.7694
519,1451575.335848239,245945260612.62607,0.5,GCGA,UAA,0.7694
520,2301330.886914793,245945260612.62607,1.0,UGCGAUA,UAA,0.7694
521,23656612.83208075,245945331975.15366,0.6,UGCGA,GGA,0.7694
522,621.2881182404669,238091626015.85895,0.6,UGCGA,UUAA,0.7689
523,588866.7178108172,231989815837.3756,1.0,AGCGA,GAA,0.7685
524,588866.7178108172,231989815837.3756,1.0,AGCGA,GUA,0.7685
525,60731.407334911506,231989636335.4175,0.5714,UUGCCGA,GUA,0.7685
526,4878238.21098889,227516477685.29416,0.25,GCGA,UAGGGA,0.7682
527,409411.7467768406,225558478275.7497,1.0,GCGA,GAA,0.768
528,795.0783159843581,225558565538.65826,0.8333,UGCGAA,GAA,0.768
529,197900.67827207327,225558478275.7497,1.0,AGCGAA,GAA,0.768
530,11986.613178943402,225558565538.65826,0.5,CUGCGAUA,GAA,0.768
531,307701.9156135029,197240895596.38892,1.0,AGCGA,GAA,0.766
532,695989.4561210654,193437340752.9606,0.75,GCGA,UAGGGA,0.7657
533,814629.7112069764,193437303334.94772,1.0,GCGA,GUAAA,0.7657
534,1234149.5638549565,193437482941.47455,1.0,UGCGC,GUA,0.7657
535,9801.929325304096,193437333269.35715,0.2,UUGCG,UACAA,0.7657
536,1499456.6598082536,193437303334.94772,1.0,GCGC,GAA,0.7657
537,322004.72044732614,191773107536.39734,1.0,GCGA,UUGUUA,0.7655
538,23051.400242770953,185747456205.0193,0.6,UGCGA,UAGGGU,0.765
539,466162.94462068117,184845420235.4116,0.25,UGCG,UAAA,0.7649
540,4404188.584836799,172107877174.3655,1.0,GCGA,GAAAG,0.7638
541,94269505.74281953,172107864689.82855,1.0,GCGA,UAGGGAA,0.7638
542,24477.773200866915,164463343433.87244,0.5,UGCU,GUA,0.7631
543,500662.683504634,164463178004.47488,1.0,UGCGUA,GGA,0.7631
544,13126.853375043993,163048229564.41202,0.4,UGCUG,UAA,0.763
545,234.67288821019366,163048134945.56268,0.1667,UUGCCA,UAAA,0.763
546,183956239.86073032,163048008787.1821,0.5,UGGA,GAA,0.763
547,51634.69819451841,157158180673.47446,1.0,GCGA,AGAA,0.7624
548,1202519.9460471475,151155447300.63528,0.25,GCGA,GAGA,0.7618
549,21497.825062765056,151155260901.38074,1.0,UGCA,UAA,0.7618
550,978.6190144644098,146328673009.27924,1.0,GCGA,UAA,0.7613
551,184.57153993403338,146328524405.8045,0.5,UGCGAA,GCA,0.7613
552,243585.25585686986,142578306175.8321,0.6,CGCGA,UAA,0.7609
553,758495.0855404114,139829046392.82266,1.0,GCGA,AGUUA,0.7606
554,14098.346906067747,138625902052.3195,1.0,GCGA,GAA,0.7605
555,111785.87561916237,128514332528.39914,1.0,GCGA,GCA,0.7593
556,1487269332.1875875,124410591202.54578,0.75,GCGA,UAGGGAG,0.7587
557,136701.04534001742,121222203485.31866,0.8,CGCGA,GAA,0.7584
558,189110.29719542284,121222092103.0572,1.0,UGCGA,GUA,0.7584
559,1049291.3858623432,121222166846.40575,1.0,UGCGA,UAA,0.7584
560,1132447.0745004257,118884486241.77246,0.75,GCGA,UAGGGA,0.7581
561,299315907.6024848,118884629971.27138,0.6,UGGGA,GAA,0.7581
562,22939.465769261984,114158377857.56885,0.5714,AGCGAUA,GUA,0.7575
563,76220.84137077315,113604012786.97011,0.5,GCGA,UGCA,0.7574
564,1169183.9072461233,109264780768.6799,0.75,GCGA,ACAAC,0.7568
565,32726232.297001142,109264738496.89798,1.0,GCGA,UAGAGGA,0.7568
566,1454.0005850543948,101077328776.43436,1.0,GCGC,GAA,0.7556
567,105442.85173120677,101077328776.43436,0.25,UGCG,GUA,0.7556
568,60731.38383946495,101077289672.17067,1.0,GCGA,GUAAA,0.7556
569,9.504784225843197,101077188001.1552,0.3333,UUGCGA,UAAUA,0.7556
570,64804.02071548573,100207576874.67995,1.0,GCGA,UGGGA,0.7554
571,136473000.53229344,100207576874.67995,1.0,GCGA,UGUUA,0.7554
572,10573.137569819848,92898474071.47853,1.0,GCGA,ACAAA,0.7543
573,149.95497019880443,92898384221.32529,0.5714,UGCGAUA,GCA,0.7543
574,1274859.2250814354,92898423530.7567,1.0,GCGA,GAAAAG,0.7543
575,375474.9750459721,89932033038.60858,1.0,GCGAG,UGUU,0.7538
576,1375163.5844252456,87627170904.36359,0.8,UGCGA,GUC,0.7534
577,2983553.733773993,87627120053.26201,0.3333,UGUCGA,GGA,0.7534
578,40875.44240998158,85937385683.59865,0.2,UUGCA,GUA,0.7531
579,40875.44240998158,82120250880.47014,0.2,UUGCA,UAAA,0.7524
580,111785.87561916237,78983622110.30348,1.0,GCGA,GCA,0.7517
581,1083903.3146733788,78983551447.79721,0.5,GCGA,GUA,0.7517
582,1499456.6598082536,78983576275.15726,1.0,GCGA,CAA,0.7517
583,852496.0354690717,76959382872.81465,1.0,GCGA,UGUUUA,0.7513
584,222426.63693548995,73065145033.76125,1.0,GCGA,UAGGA,0.7505
585,1236.2116341754263,73065161994.00145,0.6,UGCGU,GGA,0.7505
586,921549.8030000756,73065159167.29439,1.0,GCGA,ACAA,0.7505
587,183956239.86073032,73065119593.40858,0.6,GCGGA,GAA,0.7505
588,80805.96934740315,72436477680.80887,0.6,UGCUA,GAA,0.7504
589,18971901.445396114,67152949392.4152,0.5,UGGA,UAA,0.7492
590,189110.26747335927,63342553902.90202,0.6,UACGA,GUA,0.7483
591,869258.649202751,63342490341.43535,0.75,GCGA,GAUA,0.7483
592,71430.73015963651,62121036191.03101,0.4,CGCGA,GUAAA,0.748
593,386180.5753427531,62121018166.23592,0.75,GCGA,GUAAG,0.748
594,213930.88613708373,62121018166.23592,1.0,GCGA,GAA,0.748
595,1274859.1788429143,62121054215.83111,1.0,GCGA,GAA,0.748
596,4669126.543366937,62121075244.771416,0.25,GCGG,GAA,0.748
597,105442.85173120677,61586502008.674126,0.5,GCGA,UGGGA,0.7479
598,12361342.139219228,61586502008.674126,1.0,UGGAUA,GAA,0.7479
599,1499456.6598082536,59651400407.53574,1.0,GCGA,GUAA,0.7474
600,6092692.784665051,59651400407.53574,1.0,GCGA,GCAA,0.7474
601,566374.5156316017,59361703977.63699,1.0,UGCAA,GUA,0.7473
602,3251.6528275853657,57094387870.035545,0.25,UGCA,UAA,0.7467
603,759.7623383601865,53854724634.46757,0.6,UGCGA,GAA,0.7458
604,2549036.0292924647,52816148300.29817,0.6,GCGGA,UAGGGA,0.7455
605,23656616.836145587,52816166690.21455,0.6667,UGCAGA,UAGAGGA,0.7455
606,27824291.686807122,52816182781.39667,0.4,GCGGA,GUAAA,0.7455
607,189110.29719542284,52361742120.20212,0.25,GCGC,GUAAA,0.7454
608,5325.226236107778,52361762377.644485,1.0,GCGA,GAA,0.7454
609,165810786.5863865,52361711734.05317,0.5,GCGA,GAA,0.7453
610,3047.3024846065155,45788058958.89898,0.6,CGCGA,UAA,0.7433
611,25.16358764564126,44905073615.04456,0.1667,UUGCCA,UAAUA,0.743
612,5975204.800606161,44518673680.97534,0.5,GCGA,UAGGGAU,0.7428
613,66508.55145187289,42910471871.72386,0.2,UGCGU,CAA,0.7423
614,523934.90000544314,38929615207.89894,0.75,GCGA,AGGGA,0.7408
615,9290422.050603291,38929637799.23615,0.6,GGCGA,GGA,0.7408
616,3526302.0946353623,38178904124.23097,1.0,GCGA,GUAGGGA,0.7405
617,12543.782894884673,37850432898.519325,1.0,GCGAA,CGUUA,0.7403
618,1559003.372836251,36483108946.29041,1.0,UGCAA,GGA,0.7398
619,25950.258984283053,35089616258.200325,0.75,GCGA,GUAA,0.7391
620,375474.9750459721,35089595895.2737,0.75,GCGA,ACCAA,0.7391
621,739056.3799012151,33969099148.870636,0.6667,UGCCGA,GAAA,0.7386
622,1872.8390620705816,33098520155.609665,0.5,UUGCGA,UAA,0.7382
623,454215.86103024095,33098507350.628696,1.0,GCGA,GUGAAA,0.7382
624,1663549.2458070451,33098539363.09029,1.0,UGGA,UAA,0.7382
625,15116481.562091803,33098539363.09029,1.0,UGCGA,GGA,0.7382
626,222426.63693548995,32460267326.219845,1.0,UGAGA,GAA,0.7379
627,7709.274135339738,32180946445.993786,0.6667,UGCGAA,GAA,0.7378
628,63554.364798070244,32180935163.185795,0.6667,UGCGAA,GAA,0.7378
629,1414373.2810429225,28880989945.7937,0.4,UGCGA,GAAA,0.7361
630,1179331.157368661,27598187308.447086,0.6,UGCGA,GGU,0.7354
631,588866.7178108172,27360694083.531372,1.0,GCUA,GAA,0.7353
632,71779.30491048365,26372295386.74752,0.4,UGUGA,CAA,0.7347
633,2202.784831263325,23925719353.76628,0.1667,UUGCCA,UAA,0.7332
634,5709795.960365057,23925728610.025936,0.6,AGCGA,GGA,0.7332
635,4147550.8706334773,23464367695.761852,0.75,GCGG,UAGGGA,0.7329
636,4147547.0096076294,23464345852.381725,0.8,GCGUA,UAGGGA,0.7329
637,286.9773295467834,23262443109.93827,0.2,UGCCA,GAA,0.7328
638,249575209.16221076,21565680953.812344,1.0,GCGA,UAGGAGA,0.7315
639,17694.100999933995,20877044014.15765,0.2,CUGCG,GUA,0.7311
640,196197.82472354802,20877035937.356934,0.75,GCGA,AAAAG,0.7311
641,1202520.0332767745,20877055119.76366,1.0,UACGA,GUAC,0.7311
642,523934.4185997898,20341980746.085567,0.75,GCGA,AGGGA,0.7307
643,1763621.5593805113,19949718169.403793,0.6,GCGUA,GUAAA,0.7304
644,7709.274135339738,19778056889.492393,0.6667,UGCGAA,GAA,0.7302
645,1414373.281042924,19778068366.94343,1.0,GCAAA,UGUUA,0.7302
646,32726232.297001142,19778068366.94343,1.0,GCGA,UAGAGGA,0.7302
647,14.39957952120343,19063605007.332397,0.5,UUGCGA,UCA,0.7297
648,20113189.431575805,18335440477.593296,0.8,GCGCA,UAGAGGA,0.7291
649,18758.511589039088,17749967269.57255,1.0,GCGA,GUAA,0.7286
650,21358.746283007695,16815599505.139723,0.2,UUCGA,UAAA,0.7277
651,16130181.034664884,16815592389.715935,0.75,GGGA,UGUUA,0.7277
652,348087.5682049752,15589054355.46701,1.0,GCGA,GAAAAG,0.7265
653,588866.7178108172,14420934221.948082,1.0,GCGA,AUAAA,0.7253
654,978.6190144644103,14296861870.556065,0.2,UUCGA,UAAA,0.7252
655,9245.743925421304,13780399064.597176,0.5,GCGA,UGUU,0.7246
656,1824.8410759410888,12501975892.645119,0.3333,UUUCGA,UAA,0.7231
657,1631470.1215321426,12155380172.639847,0.25,GCUA,GUAAA,0.7227
658,352047623.5120952,12155383993.511297,1.0,UGGA,GAA,0.7225
659,6.608238673395346,11773460337.739933,0.5,UUGCGA,UCAA,0.7222
660,23.429597797758138,11716291710.750982,0.6,UGCGA,UCA,0.7221
661,19503.45606066862,10629350396.862886,0.8,CGCGA,GAA,0.7206
662,2549038.3097834117,10424380620.329815,1.0,GCGA,UAGGGA,0.7203
663,30522.03477088979,10009957989.337536,0.75,GCGA,ACCUAA,0.7197
664,50227433.7625923,9580865612.35759,1.0,UGGA,UAA,0.719
665,60731.36034402745,9037220410.968327,0.6,CGCGA,GUA,0.7181
666,758495.0855404114,8786692871.027021,1.0,GCGA,UGUUA,0.7176
667,20410.0209618112,8510604025.82856,1.0,GCGA,GUAAAG,0.7171
668,145868.1743898005,8469278915.534209,0.75,GCGA,ACCAAA,0.7171
669,1169183.2287546336,8145786933.739352,0.75,GCGA,GAAAAU,0.7165
670,48076.64205853955,7683580298.40091,0.2,UGCCA,UAA,0.7156
671,154643.02540583338,7683575096.381381,0.75,GCGA,CAGGGA,0.7156
672,5121.827241586181,7535413534.024744,0.2,UUGCA,UAAUA,0.7153
673,4527.581500191937,7535404788.244994,0.5,UGCAGA,GUA,0.7153
674,3272.8269310098885,7470574414.785462,0.5,GCGA,UUAAA,0.7151
675,54034.82176073637,7470567911.890068,0.5,GCGA,UAGGGUA,0.7151
676,8650237.93527164,7470565744.259532,1.0,UACGGUA,GAA,0.7151
677,95041.92646442038,6925662821.561147,1.0,GCGA,GCA,0.7139
678,24477.778823581273,6532687833.015882,0.4,UUCGA,UAA,0.713
679,15116469.86572472,6532683805.081264,0.6667,UGCCGA,GGA,0.713
680,51634.708182601156,6406708560.747247,0.75,GCGA,UAGGA,0.7127
681,1918893.0698008025,6406714447.410936,0.3333,UGCAUA,GAA,0.7127
682,5831.794431568203,6351588853.138764,0.5,GCGA,UGUGA,0.7126
683,17203.582948826373,6351588853.138764,0.5,GCGA,UGUGU,0.7126
684,69.11646730712748,6351586395.869568,0.4286,UGCGAUC,GAA,0.7126
685,2008088.9341851217,6082532302.318462,0.6,GCGAG,UGUA,0.7119
686,10509791.31852086,5888296110.384018,0.8,GCGAG,AGGGA,0.7114
687,1663549.3664792904,5700274319.3378315,0.5,UCGA,UAA,0.7109
688,783514.7404061514,5447079101.664686,1.0,GCGA,GAA,0.7102
689,131479.65361804247,5400210333.98576,0.6667,UCGAUA,GAA,0.7101
690,1499456.6598082536,5006316190.141713,1.0,GCAA,GAA,0.7089
691,199.52219599238046,4722243760.412871,0.25,GCGA,UGUUAA,0.708
692,2676.3210893522337,4631182895.232237,0.2,UUCGA,UAAUA,0.7077
693,29.59675476998711,4631180039.730432,0.5,UUGCGA,UAAUA,0.7077
694,17352.894774537916,4591334912.503887,1.0,GCGA,AAU,0.7076
695,98816.22116721421,4425471012.714952,0.75,GCGA,GAAUAAG,0.707
696,1617431.6590499538,4425471012.714952,0.75,GCGA,GAAAAAG,0.707
697,64804.020715485756,4120518003.3214254,0.25,UCGA,UAA,0.7059
698,71779.27714088475,4014920509.312997,0.5,GCGA,UGUGGA,0.7055
699,5351.211767329456,3937493378.547103,0.75,GCGA,UAGGGA,0.7052
700,122.62417803688537,3937497567.6709857,0.2,UUCGA,UAAUA,0.7052
701,845160.8719331705,3937496425.1822133,1.0,GACGA,ACAACU,0.7052
702,90521861.59850179,3937495282.6937723,1.0,GGGAG,UAGGGA,0.7051
703,397.00059947046213,3903618387.572679,1.0,GCGA,GAA,0.705
704,783514.7404061514,3347715100.147434,0.75,GCGA,GAA,0.7027
705,1872.8388809320306,3318908464.346215,0.1667,UUUCGA,UAAA,0.7025
706,1707305.6700478443,3214624533.3175383,0.75,GCGA,AAGGGA,0.702
707,234.67284281568465,3076827046.7612696,0.25,GCGA,UUAA,0.7013
708,154642.99549209132,3076827046.7612696,1.0,GCGA,GUAA,0.7013
709,1499456.6598082536,3076827046.7612696,1.0,GCAA,GAA,0.7013
710,503106.0128276861,2997971133.6371055,1.0,GCGA,UAGGAA,0.7009
711,7860.860233206855,2902239245.70507,0.3333,UUUCGA,UAA,0.7004
712,222426.63693548995,2902241491.312398,1.0,UACGA,CAA,0.7004
713,3272.8269310098885,2821781919.566189,0.4286,UGCGAUA,GAA,0.7
714,352047453.26419294,2821784921.677658,1.0,GGGA,UGUUA,0.6993
715,1516513921.5068295,3214624533.3175383,0.75,GCGA,AGGGGA,0.6992
716,295949.08011522156,2615961801.1535444,1.0,GCAA,GAA,0.6988
717,156.92530708701798,2399121066.058404,0.5,GCGA,UGGUUA,0.6975
718,17352.894774537916,2399120137.8990993,0.5,GCGA,UCAAUAAA,0.6975
719,103409.49240348506,2399118281.5815673,0.25,UCGA,GUC,0.6975
720,8706.971417343626,2153106077.9662237,0.4,UGUGA,GGA,0.6958
721,6293.95982232007,2057468701.4205492,0.5,GCGA,UAGCGA,0.6951
722,8067.622516905917,2057470094.3909123,0.2,UGCCA,GUA,0.6951
723,859.4810082324207,2057468701.4205492,0.1667,UUUCGA,UAAUA,0.6951
724,4878238.210988904,2057470293.3867562,1.0,GCAA,UAGGGA,0.6951
725,1151.0265784692278,2039764560.071318,0.5,GCGA,UGUGA,0.695
726,1934.6158587201426,1890985909.5085917,0.25,GCGA,UAAU,0.6938
727,12790.428591142325,1890985635.1680615,1.0,GCGA,GAAA,0.6938
728,64804.033251008295,1842522687.189836,1.0,GCGAA,UGAUA,0.6934
729,2475.7791955949433,1783684423.477178,0.5,GCGA,AGGGA,0.6929
730,348087.66920472117,1783686321.1502151,0.25,UCGA,GAA,0.6929
731,23656612.83208075,1783686321.1502151,0.25,UCGA,GGA,0.6928
732,38.12238159661698,1734238916.6084006,1.0,GCGA,UGUUA,0.6924
733,12543.782894884673,1734236903.8095632,0.2,GUGAA,UGUUA,0.6924
734,14753.669353234598,1671589939.9466786,0.75,GCGA,AAGGA,0.6919
735,692609.7922132101,1671588646.5551293,1.0,GCGA,AGGA,0.6919
736,29.596749044868364,1607742008.1670473,0.5714,UGCGAUA,GCA,0.6913
737,10191.189382115206,1607741697.1696415,1.0,GCGA,UAGGA,0.6913
738,35899.21342592207,1607741386.1722958,1.0,GCGA,GAACAG,0.6913
739,1169183.5397298501,1516515791.6174877,1.0,GCGA,UCAAGAAA,0.6904
740,628355.9268610282,1487270968.4453447,0.5,GACGAA,UGUUA,0.6901
741,7937395.607755435,1487271202.1966023,1.0,GGGA,UAGGGA,0.69
742,24005.749423805933,1474473042.4165115,1.0,ACGA,UCAAAAA,0.6899
743,8333.74002923219,1412014190.9877162,0.1667,UGACGA,UAA,0.6893
744,199.52221528990884,1366925568.7458658,0.1667,UUUCGA,UACAA,0.6887
745,1151.0270237724928,1264498686.492474,0.2,CUGCG,UAAA,0.6875
746,3607.4970381695525,1253619164.8405032,0.75,GCGA,UCAAAAA,0.6874
747,51634.68508516272,1253618801.095306,1.0,GCGA,GAA,0.6874
748,644883.3567172418,1253618437.3502164,1.0,GCGA,UGUUA,0.6874
749,5682.333680860818,1162179209.3111475,0.6,UGCGA,AAAU,0.6862
750,534236.9395533879,1125068034.8901656,0.5,UCGA,UAA,0.6857
751,23.429597797758138,1096232892.3307605,0.2,UGCCA,UAA,0.6853
752,348087.635538136,1096234376.6988523,1.0,GAGA,UGUUAA,0.6853
753,230762.84801010645,1075094599.477044,0.6,GACGA,ACAGCU,0.685
754,958146.5207667837,1075094297.930004,0.25,GCGG,ACAAA,0.685
755,4243.045312533506,1065843401.1786972,0.75,GCGA,UCAAAAA,0.6849
756,621.287952992496,988100230.4475595,0.8,GCGCA,UAA,0.6837
757,19503.46077654149,932033551.9412458,0.4,UGCGA,GAA,0.6828
758,86641518.34038356,956548694.969219,0.25,GCGA,GAAAAG,0.6827
759,30274000.8063961,932033011.07096,0.8,GCGUA,AGGGA,0.6826
760,759.7624761412474,906195098.8506198,0.75,GCGA,UCAAU,0.6824
761,156.92533137119867,906194901.6471132,0.7143,UGCCGAA,GAA,0.6824
762,4738.037383975602,873460173.7107192,0.8,GCGAA,UUGUUA,0.6818
763,64804.020715485756,813270391.2213423,0.25,UCGA,GAAA,0.6807
764,207.4456600483495,792428211.0817248,0.2,UGCGA,GAA,0.6803
765,89648.98409456732,792428239.8227096,0.4,UUCGA,UAA,0.6803
766,1056.1735403209675,777146654.3335588,0.75,GCGA,UAGGGA,0.68
767,10874.604703164572,714263050.2350956,1.0,GCGA,AAAU,0.6787
768,10874.604703164572,714263050.2350956,1.0,GCGA,AACU,0.6787
769,4107.554641577832,673733890.6714994,0.4,UUCGA,UAA,0.6778
770,31734.137860473344,673733499.6956165,0.4,GCGCA,GAA,0.6778
771,31734.137860473344,673733499.6956165,0.4,GCGCA,GAA,0.6778
772,1499456.6598082536,660741482.5055441,1.0,ACGA,GAA,0.6774
773,4738.036467462057,655056049.776065,0.4286,UGCCAUA,GAA,0.6773
774,319234.05230679945,591712293.15295,1.0,GCGA,AAAAAG,0.6757
775,1099.9007084296481,572817603.2406423,0.75,GCGA,AGGGA,0.6752
776,818605.1011192531,561771283.3078119,0.75,GCGA,UAGGGA,0.6749
777,201791.92537695367,556937452.0361809,1.0,GCAA,ACCAAA,0.6748
778,286498.6906897725,487017973.8489367,1.0,ACGA,UGUUAA,0.6727
779,309203.43998740317,487017502.811711,0.25,GCGU,UAGGGA,0.6727
780,503105.81818868575,477626044.9559639,0.25,GCGU,AGGGA,0.6724
781,8067.623297195918,473516160.31658244,0.25,CCGA,UGCUA,0.6723
782,328336.35680559446,453458168.41974694,0.75,GCGA,ACAAAC,0.6716
783,92.61046034656914,427727844.8923611,0.5714,UGCGUUA,GUA,0.6707
784,176.37322298970884,406084392.9589893,0.0,GUGA,GUAAA,0.6699
785,481539.7328753608,406084667.8907654,0.5,GCGA,GAA,0.6699
786,300.3169049711814,402590422.6362094,0.8333,UGCGAA,GAA,0.6698
787,78225.66708120507,402590189.00814253,0.25,GCCA,GAA,0.6698
788,5682.333680860818,373225611.24122185,1.0,GCGA,AAAU,0.6686
789,10191.189382115206,345258806.01317745,0.6,GCAGA,GAA,0.6674
790,30522.028866787303,345258806.01317745,0.5,UCGA,GAA,0.6674
791,1202520.135044683,345258805.17835265,1.0,GCAA,UGUUA,0.6674
792,6252946.0317668095,345258697.48600066,0.5,GAGA,GAA,0.6673
793,193.15090751500713,342287950.32741255,0.3333,UUCCGA,UAAA,0.6672
794,10.476720488948839,342287851.0104902,0.75,GCGA,UCAAAAA,0.6672
795,92.16072531247538,317321657.91381204,1.0,GCGAG,UCAAAAA,0.6661
796,1842607.310996054,293544071.7617741,1.0,GCAA,UAGGGA,0.6648
797,893.6130896150624,291018171.7502923,1.0,GCGA,UUAAU,0.6647
798,14753.675631841115,262876996.88769206,0.6,GCGAA,UGGUA,0.6631
799,28790.128864764934,254482651.09740576,0.4,UCCGA,UAA,0.6626
800,28234.956575489075,249575257.4393953,0.0,UCCG,GUA,0.6623
801,164.2196388622983,247427708.05897072,0.5,GCGA,UGCUG,0.6622
802,78225.66708120507,247427899.50613523,0.25,GCCA,GAA,0.6622
803,4669126.769162868,223501510.40541074,0.75,GCGA,AGAGGA,0.6605
804,3584.1583109340863,216364651.8037429,0.6,UGCGA,UAA,0.6601
805,4878238.210988904,212192277.14096466,1.0,ACGA,UAGGGA,0.6597
806,10874.604703164576,195022506.50260395,0.5,GCGA,AUCU,0.6585
807,154643.0553195811,195022506.50260395,0.5,GCGA,GUAA,0.6585
808,45941.16945348001,183956311.02877772,1.0,GCGA,AGGGA,0.6576
809,116792.2709929372,180408759.0261282,0.75,GCGA,UAGGGA,0.6573
810,10191.189382115206,178856720.67212486,0.25,GCCA,GUAAA,0.6572
811,23.42960516252008,172395429.933208,0.75,GCGA,CGAAA,0.6566
812,588866.7178108172,156402277.75289032,0.2,UUCGA,GGA,0.6551
813,164.21967062852147,153386329.90429237,0.5,GCGA,UGAUA,0.6548
814,131479.65361804247,153386187.48522466,0.5,ACGA,GAA,0.6548
815,0.26764880950622966,152066651.00348625,0.4286,UUGCUGA,UAAA,0.6546
816,4878234.436455493,153386098.4733743,0.25,GCGA,UAGGGA,0.6546
817,26935789.991833616,153386122.20986253,1.0,UGGAA,GAA,0.6538
818,6554.5324757781755,132975445.9060963,0.4,UCCGA,GUC,0.6526
819,7366.843901887897,132975445.9060963,0.4,UCCGA,GAA,0.6526
820,68144005.45453675,156402217.24480203,1.0,GCUA,AGGGA,0.6525
821,116225.16042526634,130411148.1955188,1.0,GAGA,GAA,0.6523
822,1842609.449572305,130411148.1955188,0.25,GCGA,UAGGGA,0.6522
823,6.39722142614367,129289034.16882706,0.3333,UUCCGA,UAAA,0.6521
824,4878241.985525239,130411148.1955188,0.25,GCGA,UAGGGA,0.6521
825,7642.940495909306,124618497.94299953,1.0,GCGA,ACCGAA,0.6516
826,56.91739567050022,119858601.74539389,1.0,GCGA,UACGGA,0.651
827,4990.561041825079,119858578.56025991,0.5,UCGA,CAA,0.651
828,5572.75586133869,113057597.67394313,0.2,UUCGA,GUC,0.65
829,10664.90224289295,110877382.22570564,1.0,GCGA,AAU,0.6497
830,99298.5303892779,110877348.44537437,0.6667,UGCCGA,GAG,0.6497
831,154643.0553195811,106469532.4759173,0.5,GCGA,GUGA,0.6491
832,14098.34554249402,105266908.09088254,0.8,GCGAA,GAAAAG,0.6489
833,75.36351924030149,96123125.28576799,1.0,GCGA,GCCAAA,0.6475
834,645.9607072619689,96123106.6919624,0.25,UCGA,GUA,0.6475
835,1331954.4877074931,94269487.5075731,0.0,GUGA,UAGGGA,0.6471
836,37.145352782168445,93458351.98975159,0.5,GCGA,UCGCUG,0.6471
837,2590.859006372953,93458351.98975177,0.8,GCCGA,UCAAU,0.6471
838,363677.2238878291,90521809.06757605,0.5,GCGA,UCGGGA,0.6466
839,1551.5057440196078,90082330.20877743,1.0,GCGA,GAAAG,0.6465
840,32726232.297001082,93458351.98975159,0.0,GUGA,UAGAGGA,0.6451
841,260.3542951080473,81725219.64110349,0.3333,UUCCGA,UAA,0.645
842,92.16080553550032,79459684.50041841,0.6,GCGAG,ACCAAA,0.6446
843,689.2788621926169,79459623.018543,1.0,GCGA,ACCAAA,0.6446
844,9245.740348476656,76962902.59356582,1.0,GCGA,ACGGGA,0.6441
845,5.439006738389651,76589133.02631871,0.6,UGCGA,UCA,0.644
846,4107.554641577832,73663882.38128771,1.0,GCGA,AACU,0.6434
847,213930.92751932237,69483960.09226018,0.25,UCGA,GAA,0.6425
848,222426.72298676742,69483919.76988189,0.6,UCCGA,GGA,0.6425
849,6967408.950813768,71775883.40807343,1.0,GCAA,ACAAA,0.6425
850,1842607.310996054,68144018.63613723,1.0,GAGA,UAGGGA,0.642
851,26.10667547739786,57937049.59195123,0.5,GCGA,ACAGCU,0.6397
852,1.3560701951558103,57438523.00217153,0.75,GCGA,UUCCA,0.6395
853,832.0355134552174,57438467.44840551,0.4,UUCGA,CAAA,0.6395
854,3272.8269310098894,57438523.00217153,0.5,UCCGAA,GAA,0.6395
855,19503.453231145446,55363591.16474485,1.0,GCGAA,GAA,0.639
856,34.81094786814308,48835069.87913352,0.25,GCCA,GAA,0.637
857,511.3602018032257,48835032.09303229,0.5,GCGA,UGUUA,0.637
858,136701.02550769775,42704088.388173774,1.0,ACGA,GAA,0.6349
859,92007.00495397898,41520224.31769932,0.5,GCGA,AUUAC,0.6345
860,1398.4642389083638,40020326.53584359,0.75,GCGA,UCAU,0.6339
861,324.6430208889446,36307596.5593905,1.0,GCGA,GCUAAG,0.6324
862,4549.676960881139,36307638.698897496,0.25,GCGU,UAGGGA,0.6324
863,921549.8921311795,34191905.54142225,1.0,GCGA,GUAA,0.6313
864,15043.776882144848,31681197.410852656,0.25,UCGA,GUAA,0.6303
865,49.9618228032462,30273998.171140358,1.0,GCGA,ACUGCU,0.6296
866,2021.2593890864746,30273983.238029134,0.6,GCCGA,UAGGGA,0.6296
867,353.2250390358815,28929256.741437845,0.75,GCGA,AUGGA,0.6289
868,10191.185439401606,28929267.933440443,0.25,GCGA,UUGGA,0.6289
869,36307603.5826383,41520240.38083101,1.0,GGAG,UGUUA,0.6288
870,2301329.9965880373,27824282.26785604,0.5,GCGG,AUCU,0.6278
871,20.5772603386666,26245479.793663472,0.75,GCGA,UGUGAA,0.6274
872,237342.4856827159,20911914.14428622,0.5,UCGA,CUAA,0.6238
873,6683.415419100986,19470916.61118897,1.0,GGCGA,GAAA,0.6227
874,51.38636435224947,18971908.78514809,0.3333,UUCCGA,UAA,0.6223
875,19598.637591429142,18606051.00949387,0.6,GCCGA,UAGGGA,0.622
876,25950.258984283053,18606058.20770757,0.5,CCGA,GAA,0.622
877,61027.76456815401,18606061.806815397,0.5,UCGA,UAGGGA,0.622
878,893.6132300623553,18445960.05267792,0.25,GCCA,GUAAA,0.6219
879,10191.189382115206,18445960.05267792,0.25,GCCA,GUAAA,0.6219
880,12045.100816039288,16130174.794305492,0.5,GCGA,UGUGGA,0.6198
881,423.62323221439266,13449652.226091651,0.25,UGCG,GUA,0.617
882,12.242727760765831,13333925.590555912,0.3333,UUCCGA,UAAA,0.6169
883,528.227809620832,13333925.590555912,0.75,GCGA,GAA,0.6168
884,1872.8388809320297,13333929.459476367,0.75,GCGA,AUUAC,0.6168
885,758495.2322617432,11966618.836068824,0.6,GCUGA,AGGGA,0.6148
886,2021.2591447195132,11659932.509112662,0.6,GGCGA,UGUGGA,0.6148
887,51886.695400235716,11435094.882079517,0.5,GCGA,UAGGGA,0.6144
888,7709.274433592132,11336693.59908102,1.0,GCGAA,UGUUA,0.6143
889,649082.6796028931,11336693.59908102,1.0,GGGA,UCAAAAA,0.614
890,108.39711219316501,10927158.185068458,0.4,UGAGA,GUA,0.6138
891,1842606.5981378509,11435086.034182837,0.25,GCGA,UAGGGA,0.6136
892,6967408.950813768,12361349.312658964,1.0,ACGA,ACAAA,0.6123
893,108.92606862066695,9913443.93626317,0.75,GCGA,UGUGGA,0.6122
894,503105.42891090974,9722273.142162941,0.0,GUGA,UAGGGA,0.6117
895,307702.1536978293,8935574.385741334,0.5,GCGA,UCAGGGA,0.6104
896,251620.11725078203,8706559.750693262,0.75,GGGA,ACAAA,0.6101
897,108216.28664900233,8650238.562751476,0.75,GCGA,GAAAC,0.6101
898,0.23813650272157114,8428544.819414943,0.75,GCGA,UCCAAA,0.6097
899,26.333253147767113,8428544.819414943,0.5,GCGA,UGCGUG,0.6097
900,37507.01501480107,8266010.010298101,0.25,GCCA,UAGGGA,0.6094
901,243.99221616015785,8194884.489579833,0.25,GCGC,GUAAA,0.6093
902,55097.302129862175,8194884.489579833,0.25,ACGA,UGUUA,0.6093
903,353.2251415262963,7898848.489282227,0.75,GCGA,AAGGA,0.6087
904,58411.743019252295,7354553.459230089,0.5,GCGA,GCAAAG,0.6076
905,39059.81444862537,7166064.787524314,0.25,GCCA,AGGGA,0.6072
906,852496.2003737052,7402448.363030857,0.25,GCUA,ACAAA,0.6071
907,4878238.210988904,8266008.811081582,0.25,ACGA,UAGGGA,0.6058
908,221.35684715777953,6459202.5266638985,0.0,GCGA,AAUU,0.6056
909,810.711800707174,5923792.695307063,0.25,GCCA,UGUUA,0.6043
910,1331955.0030072236,5975200.177295613,0.75,ACGA,UAGGGA,0.6031
911,348087.9722041353,5491706.057746615,1.0,GCGA,GAAAAG,0.6027
912,1.3560701951558103,4878239.154622699,0.75,GCGA,UUCCC,0.6012
913,111785.87561916237,4669125.865979211,0.25,GCGA,GAAAAG,0.6004
914,177.23385508407415,3744502.9162537106,0.4,GCGAU,UAGGGA,0.5971
915,260.3541943835507,2777963.1053615212,0.75,GCGA,GCAAGG,0.5925
916,18.871564860616918,2549037.816704109,0.5,GCGA,CAGCU,0.5912
917,14753.675631841115,2361861.5449463725,0.25,GCCA,GAAAAG,0.5899
918,71779.27714088475,2301331.3320783004,0.5,GCAA,UGUGGA,0.5894
919,276.0163373940835,2142752.341491994,0.5,GCGA,UAGAGCA,0.5885
920,78.35634716408158,2008089.516844456,0.75,ACGA,UUUCAUA,0.5875
921,22939.465769261984,1631469.68759961,0.25,ACGA,GUAAA,0.5841
922,51.38636932227208,1414373.1442465822,0.75,GCGA,UGUGGG,0.582
923,2202.784831263324,1331955.2606571629,0.25,GCGA,AUUAU,0.5811
924,127281.18622796737,1179331.5679968894,1.0,GCGA,AUCUU,0.5786
925,12.646563510513495,1049292.1596941338,0.75,GCGA,GCAAAG,0.5774
926,29.596737594634195,921549.4464757458,0.75,GCGA,UUUCAUA,0.5754
927,763.4700126212219,921549.9366967346,1.0,GCUA,AAAU,0.5754
928,9245.742360507847,897931.7549090886,0.5,GCGA,AUCAAU,0.5749
929,3492.302180961352,814629.8687868447,0.75,GCGA,CAGGG,0.5734
930,10874.604703164576,739055.9510179049,1.0,GAGA,GAAA,0.5718
931,17352.894774537916,739055.9510179057,1.0,ACGA,AAU,0.5718
932,1718.503211242419,724804.5612566052,0.5,UCGA,UAGGGA,0.5716
933,155.575053748544,666154.6595840913,1.0,GCGA,ACAAA,0.5703
934,260.3542951080471,644883.458072203,1.0,GACGA,ACAGCG,0.5698
935,41.14354415305266,551858.9192325763,0.5,GCGA,UAGGGU,0.5674
936,150.68674988670793,534236.7328706185,0.75,GCGA,UGUGGA,0.5669
937,0.2931092065743175,441624.0328873159,0.5,GCGA,UGCUG,0.5639
938,199.5220705584914,441624.0969572745,0.5,GCGA,GCGUAU,0.5639
939,56.64102073323225,409412.14275475073,0.5,GCGG,ACAAA,0.5628
940,215.22036532874696,409411.5091902777,0.4,GGCGA,ACAAA,0.5628
941,24477.773200866915,396338.3035439738,1.0,ACGA,GAAA,0.5619
942,1.0258195523802407,386180.9488517662,0.5,GCGA,UAGGCGA,0.5619
943,1051.0450827375334,375475.04767688154,0.0,GCGA,GAA,0.5614
944,10.408937623285569,348087.77020449605,0.0,GUGA,UAA,0.5602
945,551.885119177206,322004.6581595761,0.6,GCCGA,UAGGGA,0.559
946,184.57148459433137,251620.01990531813,0.25,GCGC,GAAAAG,0.5552
947,7.573246989246085,190033.11797158894,0.4,GACCA,UCAAU,0.5508
948,3993.6845049931953,189110.29719542284,0.6,GCAGA,AAAU,0.5506
949,549.2048946116857,171566.3381134944,0.5,CCGA,GAA,0.5492
950,95.61477796786983,154643.11514709343,1.0,GCGA,GCAG,0.5476
951,115.66611568374654,141824.31655901004,1.0,GCGA,ACCAAA,0.5463
952,18.871572161551224,108216.2369329553,0.25,GCGA,GCUACGU,0.5421
953,398.9377293871484,103409.51240675036,0.5,GCGA,UAGGGA,0.5414
954,15.465268092897908,89649.00468756107,0.25,GCGU,UCAAU,0.5392
955,1228.2138445088738,74751.00707041642,0.8,GCGCA,UCAAAAA,0.5363
956,21.394436760023613,74107.88080747557,1.0,GCGA,GAA,0.5362
957,3.931663677526573,63007.50346935519,0.5,UCGA,UGUGA,0.5337
958,26.10667042739091,60731.41908263823,0.25,GCGA,CUCGU,0.5331
959,14753.684193581583,63554.288730283115,1.0,GCGA,CGUCGU,0.5325
960,670.1703292561466,56914.74864697012,0.0,GUGA,ACAGCU,0.5321
961,25.000780940115483,54034.84580115926,0.8,GCGAA,UCAAAAA,0.5313
962,69.71633687796373,53569.862015991646,0.5,GCGA,CCGCUU,0.5312
963,2.2172328816831572,46844.48444420791,0.25,UCGA,UGUGGA,0.5291
964,155.57513650715947,39059.82011534743,0.75,GCGA,UACAU,0.5262
965,3702.3830849397264,39059.84467115285,0.6,GCAGA,AUGGA,0.5257
966,1521.5865164492243,34979.18056822929,0.5,GCGA,AGGGCA,0.5243
967,2536657.949338836,921549.089951559,0.4,GGCGA,AGGGA,0.524
968,98.34098026099927,27991.99453070516,1.0,GCAA,ACCAAA,0.5211
969,8.456737500811649,25121.613370520303,0.0,GCGA,AUU,0.5194
970,136.0435441839429,25121.603651603018,1.0,GCGA,UGCAUCC,0.5194
971,398.9378837261329,24477.787405621468,0.0,GCGA,UGUGGA,0.5189
972,15.465262109776559,24005.73375162812,0.4,GACGA,UCAAAAA,0.5187
973,12435.85556270928,27112.48262970675,0.5,GCGA,CGGUU,0.5179
974,1934.6160926120708,22063.275815984307,0.25,CCGA,GAAAAG,0.5169
975,32.412185960756126,20410.04070212774,0.75,GCGA,CGUCA,0.5162
976,25.163582778062757,18159.509879090467,0.6,GCGCA,GCAAAG,0.5144
977,415.4542450443463,17694.104422635224,0.75,GCGA,CCACAUU,0.5138
978,12435.850751591066,15540.012792828089,0.5,GCGA,ACAGCU,0.5069
979,0.1582111137535796,10573.133862822562,0.25,CCGA,UCAAU,0.506
980,6.870666990848262,10191.179525334053,0.0,GCGA,UAUCG,0.5054
981,199.5221380998065,9801.92742924455,1.0,GCGA,GAAAAG,0.5047
982,2275.4458158055363,9550.725193936472,1.0,GCGA,GACUAU,0.503
983,11.928966622207023,7085.465932711937,1.0,GCGA,AAAU,0.4998
984,3272.8281971844003,7709.274135339738,0.8,GCGGA,UCAAAAA,0.4986
985,18.871576724636604,5869.769155553199,0.5,GCGA,UCAAGU,0.4968
986,207.4456600483495,2911.9470587355345,0.5,GCAA,UCAAU,0.4856
987,0.033683146482932746,2475.7804886476647,0.5,GCGA,AUUGU,0.4834
988,66.94481942812742,2475.7792913766034,1.0,GAGA,UAGGGA,0.4833
989,30.70599005376803,1885.0346009115021,0.5,GCGA,AAAACU,0.4791
990,13559.852685175418,6554.532222199841,0.5,GCGA,GGACGA,0.4786
991,353.22497070895497,1551.50454354312,0.5,UCGA,AGGGA,0.4749
992,0.1531590453645684,1090.4365173984288,1.0,GCGA,AUUGC,0.4707
993,381.8368663565316,1099.9004956677356,0.4,UCCGA,UAGAGGA,0.4688
994,144.22746809757342,645.9612070740026,0.25,CCGA,ACCAAA,0.4613
995,12.24273012896749,528.2279117998561,1.0,GCGA,CACUG,0.4593
996,4.222641102690041,437.5969212734214,0.75,GCGA,CGUACCC,0.4565
997,48.15704045089331,381.8373833875973,0.5,GCGA,UCAGGGA,0.4537
998,133.4201264491294,316.32296062506026,0.2,GCGUA,UCAAU,0.4491
999,15.465274076021577,267.20209785032336,1.0,GCGA,GCCAAGA,0.4486
1000,0.11143414407806738,234.67288821019366,0.25,GCGG,UCAAAAA,0.4469
1001,2.715819174355464,221.35680433909053,0.25,GCGA,CUGUUGU,0.4459
1002,0.9802539437040683,215.22032369708296,0.25,GAGA,UCAAU,0.4455
1003,18.072164465351012,207.44561992060412,0.0,GCUA,UCAAAAA,0.4445
1004,193.15077674591845,217.088236623772,0.5,GCGA,AGGUA,0.4399
1005,10.75228440117007,150.6867790351639,0.25,GCGA,UUUUAC,0.4397
1006,7.331412110044943,132.27215385271597,1.0,GCGA,GGGU,0.4378
1007,50.395449503423606,139.62185074201588,1.0,GCGA,UGGCAAC,0.4368
1008,0.20072488431998714,113.43575362214001,0.5,GCGA,GCUGU,0.4357
1009,0.008526028653084067,85.81004220800759,0.25,GCGA,CCUGCG,0.4314
1010,10.14216961038026,46.61920145956749,0.5,GCGA,CGGUCGA,0.4209
1011,0.03961722641334447,32.41217342130057,0.5,GCGA,CUGUU,0.4166
1012,0.003364680966462582,30.9724967762117,1.0,GCGA,UUGGGA,0.4159
1013,0.0002264641401390258,25.163582778062736,1.0,GCGA,ACACG,0.4128
1014,0.0046546510460005385,22.388876864903065,0.4,GCGAC,UAGGGA,0.411
1015,3.590144099352003,12.646561064195351,0.5,GCGA,GGUACCC,0.4012
1016,0.0008134238693259961,3.453021553293375,0.75,GCGA,UAUU,0.3853
1017,0.28008989343638796,3.36452513806733,0.5,GCGA,UACGGCC,0.3846
1018,1.0735017137214564,3.0523946394759447,0.5,GCGG,ACCAAA,0.3823
1019,0.0001428433545726346,1.875968826675227,0.25,GCGA,ACUCG,0.3785
1020,0.09412987021510938,1.8759668308223585,0.5,GCGA,CGCCC,0.3783
1021,0.003037711988484239,1.701932423220247,1.0,GCGA,AGCCUUA,0.3775
1022,0.057851231061027734,1.6027587556154244,0.5,GCGA,AUGCC,0.3768
1023,6.064146377288072e-05,0.4769185673436656,1.0,GCGA,GAGAACU,0.3681
1024,0.10158959273445925,0.5089008076106606,0.25,GCGA,GCCGAAU,0.3681
1025,0.20644794319064158,0.49265052031228884,0.5,GCGA,GAGC,0.3675
1026,0.021291535380485758,0.1860838891069499,0.5,GCGA,UGCC,0.3646
1027,0.0002823849345024817,0.1244340527708452,1.0,GCGA,ACCAUA,0.3639
1028,0.0023279477719566504,0.11071318128953898,0.75,GCGA,CAGGCG,0.3637
1029,0.0029534990192966763,0.08267037862766649,0.5,GCGA,CCCGGGC,0.3633
1030,0.0758177179845511,0.08055168416511799,0.75,GCGA,CUCACUU,0.3629
1031,0.0021958534825140875,0.04209089417336884,0.25,GCGA,ACCCGC,0.3627
1032,0.02346874327788325,0.03696667879517428,0.75,GCGA,CAGA,0.3625
1033,0.0001364985705061262,0.005701340602133548,0.5,GCGA,CAGCG,0.3622
1034,0.017047501848581,0.011418143538455817,1.0,GCGA,GCGGGAC,0.3622
1035,5.573450433255297e-05,0.0016827893082302634,0.75,GCGA,CAAU,0.3621
1036,3.23101843052892e-05,0.0007476034840075967,0.5,GCGA,GCAC,0.3621
1037,0.0009142310943401595,0.0009083160811610054,0.0,GCGA,CACUCGC,0.3621
1038,1.2917588054942795e-06,0.00014284343746640002,0.75,GCGA,GAUAC,0.3621
1039,2.476088942911341e-05,0.00010061012471544476,0.5,GCGA,GACAUG,0.3621
1040,3.75749600585323e-08,9.112981181172824e-06,0.25,GCGA,UAUCGC,0.3621
1041,2.4721127915286836e-06,6.193626536171176e-07,0.25,GCGA,CGCGC,0.3621
1042,0.00023242110820858046,3.6729868271171303e-06,0.5,GCGA,GGCUG,0.3621
1043,3.4530198834349957,0.20511233025475317,0.75,GCGA,ACCAUGG,0.3513
1044,37.14536176379514,0.25742591358577654,0.0,GCGA,CCCA,0.3214
1045,52.73795202083634,0.60245344392018,0.5,GCGA,UGUUG,0.3165
1046,149.9548831781308,8.028821947746037,0.5,GCCA,AUGGA,0.3028
1047,953.5384212857442,40.94374678217944,0.5,GCGA,GGAAG,0.2738
1048,927.103952845254,16.50235053405639,0.25,GCGA,CCCAUCU,0.2731
1049,4831.200390642595,140.53109359188613,0.5,UCGA,AUCU,0.248
1050,28790.128864764934,1228.2136663220167,0.75,ACGA,AAAU,0.221
1051,68702.37365914232,6293.95982232007,0.75,GAGA,GUAA,0.2101
1052,124019.15309362377,9801.931221364006,0.5,GAGA,AAUU,0.2002
1053,1022399.5247041184,66941.65426905527,1.0,GAGA,AUCU,0.1667
1054,1331956.548907597,9067.45080835598,0.2,GCUGA,UAGGGA,0.1597
1055,1842608.0238545232,2911.9430172081475,0.2,CGCGA,UAGGGA,0.1544
1056,18971890.435773376,2796.1832052026793,1.0,GCGA,GGUGG,0.1182
1057,23656612.83208075,445456.79090911604,0.5,GCGA,GGAAAG,0.1156
1058,50227433.7625923,3492.305558672262,0.25,GCGA,GAGG,0.103
1059,2419941902.518335,45273023.29990492,1.0,GGGA,GAAAAG,0.0437
1060,33098507350.628696,7200704440.995962,0.6,UGGGA,GGA,0.0173
1061,17295054530.902897,68144002.81821671,0.5,UGGA,GGA,0.0125
1062,39953629317.20181,5554180888.060381,0.75,GCGG,AGGGA,0.0072
1063,38929637799.23615,249575102.9524382,1.0,UGGA,GGA,0.0
